canonical_song_id,canonical_title,canonical_artist,canonical_entry_count,alias_song_title,alias_artist,alias_entry_count,week_count,first_chart_date,last_chart_date
632,Didn't Mean to Turn You On (Above The Rim),2nd II None,48,Didn't Mean to Turn You On (Above The Rim),2nd II None,43,43,2013-10-29,2019-09-10
632,Didn't Mean to Turn You On (Above The Rim),2nd II None,48,Didn't Mean To Turn You On (Above the Rim),2nd II None,3,3,2019-03-12,2019-03-26
632,Didn't Mean to Turn You On (Above The Rim),2nd II None,48,Didn't Mean to Turn You On (Above the Rim),2nd II None,1,1,2019-07-02,2019-07-02
632,Didn't Mean to Turn You On (Above The Rim),2nd II None,48,Didn't Mean to Turn You On Above The Rim),2nd II None,1,1,2016-07-26,2016-07-26
1339,"I'm Bout It, Bout It",TRU; Master P; Mia X,40,"I'm Bout It, Bout It",TRU; Master P; Mia X,28,28,2024-07-30,2025-05-13
1339,"I'm Bout It, Bout It",TRU; Master P; Mia X,40,"I'm Bout It, Bout It",Tru; Master P; Mia X,10,10,2025-02-11,2025-04-29
1339,"I'm Bout It, Bout It",TRU; Master P; Mia X,40,"I'm Bout It, Bout It","TRU, Master P, Mia X",1,1,2024-10-29,2024-10-29
1339,"I'm Bout It, Bout It",TRU; Master P; Mia X,40,"I'm Bout It, Bout It","TRU, Master P; Mia X",1,1,2025-05-06,2025-05-06
90,Ain't No Fun from Original Gangstas,Dino Conner feat. Teddy,30,Ain't No Fun from Original Gangstas,Dino Conner feat. Teddy,15,15,2020-12-22,2021-04-06
90,Ain't No Fun from Original Gangstas,Dino Conner feat. Teddy,30,"Ain't No Fun - From ""Original Gangstas""",Dino Conner feat. Teddy,11,11,2011-10-25,2026-03-31
90,Ain't No Fun from Original Gangstas,Dino Conner feat. Teddy,30,"Ain't No Fun - from ""Original Gangstas""",Dino Conner feat. Teddy,2,2,2021-01-12,2023-04-04
90,Ain't No Fun from Original Gangstas,Dino Conner feat. Teddy,30,Ain't No Fun From Original Gangstas,Dino Conner feat. Teddy,2,2,2020-06-09,2020-06-16
2235,Ride or Die From Queen & Slim: The Soundtrack,Megan Thee Stallion feat. Vickeelo,20,Ride or Die From Queen & Slim: The Soundtrack,Megan Thee Stallion feat. Vickeelo,12,12,2020-06-09,2020-09-15
2235,Ride or Die From Queen & Slim: The Soundtrack,Megan Thee Stallion feat. Vickeelo,20,"Ride or Die - From ""Queen & Slim: The Soundtrack""",Megan Thee Stallion feat. Vickeelo,6,6,2020-04-28,2020-06-02
2235,Ride or Die From Queen & Slim: The Soundtrack,Megan Thee Stallion feat. Vickeelo,20,Ride or Die - From Queen & Slim: The Soundtrack,Megan Thee Stallion feat. Vickeelo,1,1,2020-07-28,2020-07-28
2235,Ride or Die From Queen & Slim: The Soundtrack,Megan Thee Stallion feat. Vickeelo,20,"Ride or Die From ""Queen & Slim: The Soundtrack""",Megan Thee Stallion feat. Vickeelo,1,1,2020-08-18,2020-08-18
2821,"Theme of Sagat & Ryu - from ""Street Fighter Alpha 2""",Setsuo Yamamoto; Syun Nishigaki; Tatsuro Suzuki,4,"Theme of Sagat & Ryu - From ""Street Fighter Alpha 2""",Setsuo Yamamoto; Syun Nishigaki; Tatsuro Suzuki,1,1,2023-09-19,2023-09-19
2821,"Theme of Sagat & Ryu - from ""Street Fighter Alpha 2""",Setsuo Yamamoto; Syun Nishigaki; Tatsuro Suzuki,4,"Theme of Sagat & Ryu - from ""Street Fighter Alpha 2""",Setsuo Yamamoto; Syun Nishigaki; Tatsuro Suzuki,1,1,2024-03-12,2024-03-12
2821,"Theme of Sagat & Ryu - from ""Street Fighter Alpha 2""",Setsuo Yamamoto; Syun Nishigaki; Tatsuro Suzuki,4,Theme of Sagat & Ryu From Street Fighter Alpha 2,Setsuo Yamamoto; Syun Nishigaki; Tatsuro Suzuki,1,1,2021-05-04,2021-05-04
2821,"Theme of Sagat & Ryu - from ""Street Fighter Alpha 2""",Setsuo Yamamoto; Syun Nishigaki; Tatsuro Suzuki,4,Theme of Sagat & Ryu from Street Fighter Alpha 2,Setsuo Yamamoto; Syun Nishigaki; Tatsuro Suzuki,1,1,2021-04-06,2021-04-06
1213,I Don't Want to Do Anything,"Mary J. Blige feat. Cedric ""K-Ci"" Hailey",653,I Don't Want to Do Anything,"Mary J. Blige feat. Cedric ""K-Ci"" Hailey",598,598,2003-03-18,2020-10-11
1213,I Don't Want to Do Anything,"Mary J. Blige feat. Cedric ""K-Ci"" Hailey",653,I Don't Want To Do Anything,"Mary J. Blige feat. Cedric ""K-Ci"" Hailey",54,54,2004-12-14,2006-07-18
1213,I Don't Want to Do Anything,"Mary J. Blige feat. Cedric ""K-Ci"" Hailey",653,I Don't Want to Do Anything,Mary J. Blige feat. Cedric K-Ci Hailey,1,1,2010-10-05,2010-10-05
527,Come & Talk To Me,Jodeci,103,Come & Talk To Me,Jodeci,80,80,2004-03-02,2020-10-11
527,Come & Talk To Me,Jodeci,103,Come & Talk to Me,Jodeci,19,19,2004-04-06,2016-10-04
527,Come & Talk To Me,Jodeci,103,Come and Talk to Me,Jodeci,4,4,2003-03-25,2004-02-24
601,Dark Vertigo,Yasuhiro Nakano; Makoto Mukai,94,Dark Vertigo,Yasuhiro Nakano; Makoto Mukai,89,88,2015-12-08,2020-10-11
601,Dark Vertigo,Yasuhiro Nakano; Makoto Mukai,94,Dark Vertigo,"Yasuhiro Nakano, Makoto Mukai",4,4,2018-06-12,2018-08-07
601,Dark Vertigo,Yasuhiro Nakano; Makoto Mukai,94,Dark Vertigo,Yasuhiro Nakano/Makoto Mukai,1,1,2016-01-12,2016-01-12
754,Enter the Blackness (This Week In Blackness Theme),Jasiri X; Willie Evans Jr.; Elon James White; Aaron Rand Freeman,81,Enter the Blackness (This Week In Blackness Theme),Jasiri X; Willie Evans Jr.; Elon James White; Aaron Rand Freeman,79,79,2013-04-23,2014-12-02
754,Enter the Blackness (This Week In Blackness Theme),Jasiri X; Willie Evans Jr.; Elon James White; Aaron Rand Freeman,81,Enter The Blackness (This Week In Blackness Theme),Jasiri X; Willie Evans Jr.; Elon James White; Aaron Rand Freeman,1,1,2013-10-29,2013-10-29
754,Enter the Blackness (This Week In Blackness Theme),Jasiri X; Willie Evans Jr.; Elon James White; Aaron Rand Freeman,81,Enter the Blackness (This Week in Blackness Theme),Jasiri X; Willie Evans Jr.; Elon James White; Aaron Rand Freeman,1,1,2013-06-25,2013-06-25
1730,Makin' Luv to My B...,Sons of Funk,73,Makin' Luv to My B...,Sons of Funk,69,69,2009-02-03,2010-06-15
1730,Makin' Luv to My B...,Sons of Funk,73,Makin' Luv to My B…,Sons of Funk,3,3,2012-07-24,2012-08-14
1730,Makin' Luv to My B...,Sons of Funk,73,Makin Luv' to My B…,Sons of Funk,1,1,2012-08-07,2012-08-07
671,Doggie Style (Above the Rim),D.J. Rogers Jr.,61,Doggie Style (Above the Rim),D.J. Rogers Jr.,57,57,2013-06-25,2019-09-24
671,Doggie Style (Above the Rim),D.J. Rogers Jr.,61,Doggie Style (Above The Rim),D.J. Rogers Jr.,3,3,2019-09-17,2019-10-08
671,Doggie Style (Above the Rim),D.J. Rogers Jr.,61,Doggie Style (Above the Rim),D. J. Rogers Jr.,1,1,2013-12-10,2013-12-10
70,About the Money,T.I. feat. Young Thug,38,About the Money,T.I. feat. Young Thug,35,35,2015-12-15,2018-01-16
70,About the Money,T.I. feat. Young Thug,38,About The Money,T.I. feat. Young Thug,2,2,2015-12-29,2016-02-02
70,About the Money,T.I. feat. Young Thug,38,About the Money,T.I. Featuring Young Thug,1,1,2016-05-10,2016-05-10
2665,Take It Slow,Pat$ajak & Hitla'; Lil' Ant da Kid,37,Take It Slow,Pat$ajak & Hitla'; Lil' Ant da Kid,33,33,2017-01-24,2022-03-08
2665,Take It Slow,Pat$ajak & Hitla'; Lil' Ant da Kid,37,Take It Slow,Pat$ajak & Hitla; Lil' Ant da Kid,3,3,2020-09-08,2022-02-22
2665,Take It Slow,Pat$ajak & Hitla'; Lil' Ant da Kid,37,Take It Slow,Pat$ajak & Hitla'/Lil' Ant da Kid,1,1,2021-12-07,2021-12-07
712,Down In the DM,Yo Gotti,36,Down In the DM,Yo Gotti,33,33,2016-05-10,2017-02-07
712,Down In the DM,Yo Gotti,36,Down in the DM,Yo Gotti,2,2,2016-06-07,2016-08-23
712,Down In the DM,Yo Gotti,36,Down In The DM,Yo Gotti,1,1,2017-01-24,2017-01-24
1608,Lifestyle,Rich Gang feat. Young Thug; Rich Homie Quan,35,Lifestyle,Rich Gang feat. Young Thug; Rich Homie Quan,33,33,2016-03-29,2023-09-05
1608,Lifestyle,Rich Gang feat. Young Thug; Rich Homie Quan,35,Lifestyle,"Rich Gang feat. Young Thug, Rich Homie Quan",1,1,2016-12-13,2016-12-13
1608,Lifestyle,Rich Gang feat. Young Thug; Rich Homie Quan,35,Lifestyle,Rich Gang feat. Young Thug;Rich Homie Quan,1,1,2017-03-07,2017-03-07
2274,Rollin' With Kid 'n Play,Kid 'n Play,32,Rollin' With Kid 'n Play,Kid 'n Play,30,30,2020-07-28,2023-10-31
2274,Rollin' With Kid 'n Play,Kid 'n Play,32,Rollin; With Kid 'n Play,Kid 'n Play,1,1,2021-03-30,2021-03-30
2274,Rollin' With Kid 'n Play,Kid 'n Play,32,Rollin; With Kid ;n Play,Kid 'n Play,1,1,2020-12-29,2020-12-29
2564,Stay For a While,Sons of Funk,32,Stay For a While,Sons of Funk,23,23,2016-02-09,2018-11-27
2564,Stay For a While,Sons of Funk,32,Stay For A While,Sons of Funk,8,8,2016-02-16,2018-02-27
2564,Stay For a While,Sons of Funk,32,Stay for A While,Sons of Funk,1,1,2016-02-02,2016-02-02
3114,Where the Wild Things Are,Jake&Papa,32,Where the Wild Things Are,Jake&Papa,29,29,2015-01-27,2015-08-18
3114,Where the Wild Things Are,Jake&Papa,32,Where The Wild Things Are,Jake&Papa,2,2,2017-11-28,2017-12-05
3114,Where the Wild Things Are,Jake&Papa,32,Where the Wild Things Are,Jake & Papa,1,1,2015-06-30,2015-06-30
1211,I Don't Want to Do Anything (Remix),"Mary J. Blige feat. Cedric ""K-Ci"" Hailey",27,I Don't Want to Do Anything (Remix),"Mary J. Blige feat. Cedric ""K-Ci"" Hailey",21,21,2003-03-18,2019-01-29
1211,I Don't Want to Do Anything (Remix),"Mary J. Blige feat. Cedric ""K-Ci"" Hailey",27,I Don't Want To Do Anything (remix),"Mary J. Blige feat. Cedric ""K-Ci"" Hailey",5,5,2004-12-14,2005-01-11
1211,I Don't Want to Do Anything (Remix),"Mary J. Blige feat. Cedric ""K-Ci"" Hailey",27,I Don't Want To Do Anything (Remix),"Mary J. Blige feat. Cedric ""K-Ci"" Hailey",1,1,2005-01-18,2005-01-18
3093,What's a Man to Do,Keith Sweat,27,What's a Man to Do,Keith Sweat,19,19,2008-07-01,2009-05-19
3093,What's a Man to Do,Keith Sweat,27,What's A Man to Do,Keith Sweat,6,6,2008-05-20,2008-06-24
3093,What's a Man to Do,Keith Sweat,27,What's A Man To Do,Keith Sweat,2,2,2019-11-05,2019-11-12
1485,Just The 2 of Us,Keith Sweat feat. Takiya Mason,26,Just The 2 of Us,Keith Sweat feat. Takiya Mason,20,20,2016-08-09,2020-10-11
1485,Just The 2 of Us,Keith Sweat feat. Takiya Mason,26,Just The 2 Of Us,Keith Sweat feat. Takiya Mason,5,5,2018-06-26,2018-07-24
1485,Just The 2 of Us,Keith Sweat feat. Takiya Mason,26,Just the 2 Of Us,Keith Sweat feat. Takiya Mason,1,1,2016-08-16,2016-08-16
691,Don't Let the Music Industry Fool You!!,Lil' Flip,25,Don't Let the Music Industry Fool You!!,Lil' Flip,18,18,2014-11-04,2015-12-08
691,Don't Let the Music Industry Fool You!!,Lil' Flip,25,Don't Let the Music Industry Fool You!!!,Lil' Flip,4,4,2014-11-25,2015-01-27
691,Don't Let the Music Industry Fool You!!,Lil' Flip,25,Don't Let The Music Industry Fool You!!,Lil' Flip,3,3,2014-11-18,2020-11-03
2434,Six In Da Morning,Avant feat. Sean Don,24,Six In Da Morning,Avant feat. Sean Don,14,14,2007-10-02,2018-10-30
2434,Six In Da Morning,Avant feat. Sean Don,24,Six In da Morning,Avant feat. Sean Don,9,9,2017-12-19,2018-02-13
2434,Six In Da Morning,Avant feat. Sean Don,24,Six in Da Morning,Avant feat. Sean Don,1,1,2007-09-25,2007-09-25
2446,Slip n' Slide,Danny Boy feat. Ginuwine,20,Slip n' Slide,Danny Boy feat. Ginuwine,16,16,2011-09-13,2012-02-14
2446,Slip n' Slide,Danny Boy feat. Ginuwine,20,Slip N' Slide,Danny Boy feat. Ginuwine,3,3,2011-10-25,2018-07-10
2446,Slip n' Slide,Danny Boy feat. Ginuwine,20,Slip 'n Slide,Danny Boy feat. Ginuwine,1,1,2011-09-06,2011-09-06
1503,Keep You In Mind (Remix),Guordan Banks feat. Chris Brown; Bryson Tiller,19,Keep You In Mind (Remix),Guordan Banks feat. Chris Brown; Bryson Tiller,17,17,2016-12-06,2020-04-07
1503,Keep You In Mind (Remix),Guordan Banks feat. Chris Brown; Bryson Tiller,19,Keep You In Mind (Remix),"Guordan Banks feat. Chris Brown, Bryson Tiller",1,1,2016-12-13,2016-12-13
1503,Keep You In Mind (Remix),Guordan Banks feat. Chris Brown; Bryson Tiller,19,Keep You in Mind (Remix),Guordan Banks feat. Chris Brown; Bryson Tiller,1,1,2017-01-24,2017-01-24
2431,Sippin' on Some Syrup,Three 6 Mafia feat. UGK,17,Sippin' on Some Syrup,Three 6 Mafia feat. UGK,14,14,2003-10-14,2025-03-04
2431,Sippin' on Some Syrup,Three 6 Mafia feat. UGK,17,Sippin' On Some Syrup,Three 6 Mafia feat. UGK,2,2,2017-02-14,2017-02-21
2431,Sippin' on Some Syrup,Three 6 Mafia feat. UGK,17,Sippin' on Some Syrup,Three-6 Mafia feat. UGK,1,1,2011-07-26,2011-07-26
672,"Doggie Style - From ""Above the Rim""",D.J. Rogers,15,"Doggie Style - From ""Above the Rim""",D.J. Rogers,6,6,2025-11-04,2025-12-09
672,"Doggie Style - From ""Above the Rim""",D.J. Rogers,15,Doggie Style from Above the Rim,D.J. Rogers,6,6,2021-02-16,2021-03-23
672,"Doggie Style - From ""Above the Rim""",D.J. Rogers,15,"Doggie Style - from ""Above the Rim""",D.J. Rogers,3,3,2025-05-20,2025-06-10
1137,"Homie, Lover, Friend (Looking for My Homie Mix)",R. Kelly feat. LL Cool J,14,"Homie, Lover, Friend (Looking for My Homie Mix)",R. Kelly feat. LL Cool J,12,12,2007-11-06,2008-01-29
1137,"Homie, Lover, Friend (Looking for My Homie Mix)",R. Kelly feat. LL Cool J,14,Homie Lover Friend (Looking For My Homie Mix),R. Kelly feat. LL Cool J,1,1,2005-07-12,2005-07-12
1137,"Homie, Lover, Friend (Looking for My Homie Mix)",R. Kelly feat. LL Cool J,14,"Homie, Lover, Friend (Looking For My Homie Mix)",R. Kelly feat. LL Cool J,1,1,2022-05-17,2022-05-17
1482,Just One of Them Thangs,Keith Sweat feat. Gerald Levert,14,Just One of Them Thangs,Keith Sweat feat. Gerald Levert,6,6,2024-09-17,2024-10-22
1482,Just One of Them Thangs,Keith Sweat feat. Gerald Levert,14,Just One Of Them Thangs,Keith Sweat feat. Gerald Levert,4,4,2023-08-22,2023-09-12
1482,Just One of Them Thangs,Keith Sweat feat. Gerald Levert,14,Just One of Them Thangs,Keith Sweat feat. Gerald LeVert,4,4,2005-10-04,2008-04-15
2847,This Lil' Game We Play,Subway feat. 702,14,This Lil' Game We Play,Subway feat. 702,12,12,2006-02-28,2015-11-10
2847,This Lil' Game We Play,Subway feat. 702,14,This Lil' Game We Play,Subway f/702,1,1,2006-04-11,2006-04-11
2847,This Lil' Game We Play,Subway feat. 702,14,This Lil' Game We Play,Subway featuring 702,1,1,2015-11-03,2015-11-03
2996,Waiting for a Girl Like You,Foreigner,8,Waiting for a Girl Like You,Foreigner,5,5,2004-06-01,2004-08-17
2996,Waiting for a Girl Like You,Foreigner,8,Waiting For a Girl Like You,Foreigner,2,2,2012-02-21,2012-03-06
2996,Waiting for a Girl Like You,Foreigner,8,Waiting For A Girl Like You,Foreigner,1,1,2012-02-28,2012-02-28
1008,Gonna Give It To Ya (from Above the Rim),Aaron Hall; Jewell,7,Gonna Give It To Ya (from Above the Rim),Aaron Hall; Jewell,4,4,2014-01-07,2014-06-24
1008,Gonna Give It To Ya (from Above the Rim),Aaron Hall; Jewell,7,"Gonna Give It To Ya - from ""Above the Rim""",Aaron Hall; Jewell,2,2,2019-05-28,2019-06-04
1008,Gonna Give It To Ya (from Above the Rim),Aaron Hall; Jewell,7,"Gonna Give It To Ya - From ""Above the Rim""",Aaron Hall; Jewell,1,1,2023-06-20,2023-06-20
2774,The Rain,Oran 'Juice' Jones,7,The Rain,Oran 'Juice' Jones,5,5,2023-01-10,2023-02-14
2774,The Rain,Oran 'Juice' Jones,7,The Rain,"Oran ""Juice"" Jones",1,1,2023-01-17,2023-01-17
2774,The Rain,Oran 'Juice' Jones,7,The Rain,Oran Juice Jones,1,1,2023-01-03,2023-01-03
420,Can I Live,Sisqó feat. The Dragon Family,5,Can I Live,Sisqó feat. The Dragon Family,3,3,2005-10-18,2005-11-01
420,Can I Live,Sisqó feat. The Dragon Family,5,Can I Live?,Sisqò feat. The Dragon Family,1,1,2015-01-27,2015-01-27
420,Can I Live,Sisqó feat. The Dragon Family,5,Can I Live?,Sisqó feat. The Dragon Family,1,1,2015-01-20,2015-01-20
2141,Pumps and a Bump,Hammer,3,Pumps And A Bump,Hammer,1,1,2014-11-04,2014-11-04
2141,Pumps and a Bump,Hammer,3,Pumps and A Bump,Hammer,1,1,2004-12-28,2004-12-28
2141,Pumps and a Bump,Hammer,3,Pumps and a Bump,Hammer,1,1,2014-11-11,2014-11-11
93,Ain't No Fun (Original Gangstas),Dino of H-Town feat. Teddy,258,Ain't No Fun (Original Gangstas),Dino of H-Town feat. Teddy,257,257,2010-07-06,2017-05-02
93,Ain't No Fun (Original Gangstas),Dino of H-Town feat. Teddy,258,Ain't No Fun (Original Gangstas),Dino of H-Town featuring Teddy,1,1,2016-10-04,2016-10-04
1380,In the Heat of the Night,Bill Champlin,152,In the Heat of the Night,Bill Champlin,151,151,2013-12-31,2020-10-11
1380,In the Heat of the Night,Bill Champlin,152,In The Heat of the Night,Bill Champlin,1,1,2016-05-03,2016-05-03
2680,Take Your Time,Raja-Nee,119,Take Your Time,Raja-Nee,116,116,2013-01-22,2020-07-21
2680,Take Your Time,Raja-Nee,119,Take Your Time,Raja-Nee',3,3,2020-08-04,2020-08-18
1956,Nymphomaniac,T3 feat. 1095 FS Crew,115,Nymphomaniac,T3 feat. 1095 FS Crew,114,114,2012-07-24,2023-06-06
1956,Nymphomaniac,T3 feat. 1095 FS Crew,115,Nymphomaniac,T3 featuring 1095 FS Crew,1,1,2016-08-02,2016-08-02
2574,Stilettos and T-Shirt,Bobby V. feat. Nicki Minaj,113,Stilettos and T-Shirt,Bobby V. feat. Nicki Minaj,112,112,2018-05-29,2022-03-29
2574,Stilettos and T-Shirt,Bobby V. feat. Nicki Minaj,113,Stilettos and T-Shirt,Bobby V feat. Nicki Minaj,1,1,2019-06-04,2019-06-04
1670,Love Me,Lil' Wayne feat. Drake; Future,107,Love Me,Lil' Wayne feat. Drake; Future,84,84,2014-07-08,2016-04-12
1670,Love Me,Lil' Wayne feat. Drake; Future,107,Love Me,Lil Wayne feat. Drake; Future,23,23,2020-01-28,2024-02-13
2748,The Descent,Kevin MacLeod,107,The Descent,Kevin MacLeod,104,104,2014-07-22,2021-08-03
2748,The Descent,Kevin MacLeod,107,The Descent,Kevin Macleod,3,3,2023-09-12,2023-09-26
2507,Something Real,Trae tha Truth; Slim Thug; Plies; Jodeci; Brian Angel,87,Something Real,Trae tha Truth; Slim Thug; Plies; Jodeci; Brian Angel,86,86,2014-08-26,2021-07-06
2507,Something Real,Trae tha Truth; Slim Thug; Plies; Jodeci; Brian Angel,87,Something Real,Trae tha Truth; Slim Thug; Plies; Jodeci;Brian Angel,1,1,2016-08-30,2016-08-30
1308,I'd Rather F**k You,N.W.A.,86,I'd Rather F**k You,N.W.A.,69,69,2013-04-02,2016-08-09
1308,I'd Rather F**k You,N.W.A.,86,I'd Rather F**k You,N.W.A,17,17,2015-08-04,2021-02-23
2098,Please Excuse My Hands,Plies feat. Jamie Foxx; The-Dream,85,Please Excuse My Hands,Plies feat. Jamie Foxx; The-Dream,81,81,2008-10-14,2015-03-17
2098,Please Excuse My Hands,Plies feat. Jamie Foxx; The-Dream,85,Please Excuse My Hands,Plies feat. Jamie Foxx; The Dream,4,4,2009-12-15,2010-01-05
142,Always Showing Love,Bobby V.,83,Always Showing Love,Bobby V.,82,82,2018-06-12,2020-03-24
142,Always Showing Love,Bobby V.,83,Always Showing Love,Bobby V,1,1,2019-06-04,2019-06-04
2519,SOS (Sex on Sight),Victoria Monét feat. USHER,74,SOS (Sex on Sight),Victoria Monét feat. USHER,51,51,2025-02-11,2026-02-03
2519,SOS (Sex on Sight),Victoria Monét feat. USHER,74,SOS (Sex on Sight),Victoria Monét feat. Usher,23,23,2024-09-03,2025-02-04
3196,You Don't Have to Cry,Adina Howard feat. Michael Speaks,72,You Don't Have to Cry,Adina Howard feat. Michael Speaks,71,71,2007-01-02,2016-07-26
3196,You Don't Have to Cry,Adina Howard feat. Michael Speaks,72,You Don't Have to Cry,Adina Howard f/Michael Speaks,1,1,2007-12-25,2007-12-25
38,30 For 30,SZA; Kendrick Lamar,64,30 For 30,SZA; Kendrick Lamar,52,52,2024-12-31,2026-04-07
38,30 For 30,SZA; Kendrick Lamar,64,30 for 30,SZA; Kendrick Lamar,12,12,2025-02-11,2025-04-29
2392,She's Bangin',Meaku feat. Banky W,64,She's Bangin',Meaku feat. Banky W,63,63,2024-12-17,2026-04-07
2392,She's Bangin',Meaku feat. Banky W,64,She's Bangin',Meaku feat. Banky W.,1,1,2024-12-10,2024-12-10
2562,Stay Awhile,foggieraw feat. Ari Lennox,62,Stay Awhile,foggieraw feat. Ari Lennox,39,39,2024-05-14,2025-02-04
2562,Stay Awhile,foggieraw feat. Ari Lennox,62,Stay Awhile,Foggieraw feat. Ari Lennox,23,23,2025-02-11,2025-08-05
306,Black Opium,Jake&Papa,59,Black Opium,Jake&Papa,58,58,2015-06-23,2017-05-30
306,Black Opium,Jake&Papa,59,Black Opium,Jake & Papa,1,1,2015-06-30,2015-06-30
3209,You Look So Good to Me,James A. Johnston,59,You Look So Good to Me,James A. Johnston,57,57,2003-03-25,2016-02-09
3209,You Look So Good to Me,James A. Johnston,59,You Look So Good To Me,James A. Johnston,2,2,2012-03-06,2012-10-23
2713,Textin My Ex,T-Pain feat. Tiffany Evans,56,Textin My Ex,T-Pain feat. Tiffany Evans,54,54,2018-01-09,2019-07-16
2713,Textin My Ex,T-Pain feat. Tiffany Evans,56,Textin' My Ex,T-Pain feat. Tiffany Evans,2,2,2017-12-26,2018-01-02
297,Black and Yellow,Wiz Khalifa,55,Black and Yellow,Wiz Khalifa,54,54,2011-08-09,2020-10-11
297,Black and Yellow,Wiz Khalifa,55,Black & Yellow,Wiz Khalifa,1,1,2012-05-15,2012-05-15
1731,Making Love In the Rain,Herb Alpert feat. Lisa Keith; Janet Jackson,52,Making Love In the Rain,Herb Alpert feat. Lisa Keith; Janet Jackson,31,31,2005-03-01,2019-01-01
1731,Making Love In the Rain,Herb Alpert feat. Lisa Keith; Janet Jackson,52,Making Love in the Rain,Herb Alpert feat. Lisa Keith; Janet Jackson,21,21,2004-05-04,2015-10-27
329,Body on Mine,Jake&Papa,49,Body on Mine,Jake&Papa,48,48,2015-06-23,2016-05-24
329,Body on Mine,Jake&Papa,49,Body on Mine,Jake & Papa,1,1,2015-06-30,2015-06-30
2670,Take It To Da House,Trick Daddy feat. The Slip-n-Slide Express,46,Take It To Da House,Trick Daddy feat. The Slip-n-Slide Express,37,37,2025-05-06,2026-01-20
2670,Take It To Da House,Trick Daddy feat. The Slip-n-Slide Express,46,Take It to da House,Trick Daddy feat. The Slip-N-Slide Express,9,9,2025-03-04,2025-04-29
514,Close To You,Dreezy feat. T-Pain,44,Close To You,Dreezy feat. T-Pain,43,43,2016-11-01,2019-06-04
514,Close To You,Dreezy feat. T-Pain,44,Close to You,Dreezy feat. T-Pain,1,1,2016-11-08,2016-11-08
138,Along the Way,Ryan Farish,43,Along the Way,Ryan Farish,39,39,2016-01-12,2018-02-13
138,Along the Way,Ryan Farish,43,Along The Way,Ryan Farish,4,4,2017-12-26,2018-01-16
1871,Need to Know,Doja Cat,43,Need to Know,Doja Cat,27,27,2021-12-07,2022-06-07
1871,Need to Know,Doja Cat,43,Need To Know,Doja Cat,16,16,2022-10-11,2025-10-28
939,Get It Wet,Twista feat. Miss Kane,42,Get It Wet,Twista feat. Miss Kane,41,41,2005-04-19,2006-04-18
939,Get It Wet,Twista feat. Miss Kane,42,Get It Wet,Twista f/Miss Kane,1,1,2006-03-28,2006-03-28
2146,Pure Heat,Danny Pelfrey; Rick Rhodes,42,Pure Heat,Danny Pelfrey; Rick Rhodes,41,41,2009-11-10,2017-10-17
2146,Pure Heat,Danny Pelfrey; Rick Rhodes,42,Pure Heat,"Danny Pelfrey, Rick Rhodes",1,1,2019-03-05,2019-03-05
598,Dang!!!!,Lil' Flip feat. H-Town,40,Dang!!!!,Lil' Flip feat. H-Town,39,39,2014-10-28,2015-07-28
598,Dang!!!!,Lil' Flip feat. H-Town,40,Dang!!!!,Lil' Flip featuring H-Town,1,1,2015-03-24,2015-03-24
1344,I'm Going for Mine,Keith Sweat,40,I'm Going for Mine,Keith Sweat,27,27,2010-05-11,2023-02-14
1344,I'm Going for Mine,Keith Sweat,40,I'm Going For Mine,Keith Sweat,13,13,2017-10-17,2018-10-30
2514,Sons... I Got the Hook-Up [R&B],Sons of Funk,40,Sons... I Got the Hook-Up [R&B],Sons of Funk,34,34,2009-03-10,2009-10-27
2514,Sons... I Got the Hook-Up [R&B],Sons of Funk,40,Sons... I Got The Hook-Up [R&B],Sons of Funk,6,6,2019-06-11,2022-07-12
1789,Money Longer,Lil Uzi Vert,39,Money Longer,Lil Uzi Vert,32,32,2016-10-25,2017-05-30
1789,Money Longer,Lil Uzi Vert,39,Money Longer,Lil' Uzi Vert,7,7,2016-09-13,2020-10-11
1847,My Star,Akiese feat. Young Joe,39,My Star,Akiese feat. Young Joe,38,38,2012-02-07,2016-12-20
1847,My Star,Akiese feat. Young Joe,39,My Star,Akiese featuring Young Joe,1,1,2012-09-25,2012-09-25
1383,In the Now,Barry Gibb,38,In the Now,Barry Gibb,37,37,2016-11-08,2019-02-12
1383,In the Now,Barry Gibb,38,In The Now,Barry Gibb,1,1,2017-01-24,2017-01-24
694,Don't Play With Love,Levelle,37,Don't Play With Love,Levelle,36,36,2022-04-19,2022-12-27
694,Don't Play With Love,Levelle,37,Don't Play With Love,LeVelle,1,1,2022-05-17,2022-05-17
2155,Put It on Paper,Ann Nesby feat. Al Green,37,Put It on Paper,Ann Nesby feat. Al Green,23,23,2022-02-08,2022-07-12
2155,Put It on Paper,Ann Nesby feat. Al Green,37,Put It On Paper,Ann Nesby feat. Al Green,14,14,2022-11-15,2023-02-14
2733,The Audacity,Lizzen; Jacquees; Rob49,37,The Audacity,Lizzen; Jacquees; Rob49,36,36,2024-12-17,2025-09-09
2733,The Audacity,Lizzen; Jacquees; Rob49,37,The Audacity,"Lizzen, Jacquees, Rob49",1,1,2024-12-31,2024-12-31
1061,Gypsy Rain,Yasuhiro Nakano; Makoto Mukai,36,Gypsy Rain,Yasuhiro Nakano; Makoto Mukai,34,34,2015-09-15,2018-11-13
1061,Gypsy Rain,Yasuhiro Nakano; Makoto Mukai,36,Gypsy Rain,Yasuhiro Nakano/Makoto Mukai,2,2,2016-10-11,2020-10-11
1207,I Don't Like,Chief Keef feat. Lil' Reese,36,I Don't Like,Chief Keef feat. Lil' Reese,28,28,2012-09-25,2013-04-02
1207,I Don't Like,Chief Keef feat. Lil' Reese,36,I Don't Like,Chief Keef feat. Lil Reese,8,8,2017-07-25,2019-03-19
3065,Wet the Bed,Chris Brown feat. Ludacris,36,Wet the Bed,Chris Brown feat. Ludacris,33,33,2011-06-28,2018-07-31
3065,Wet the Bed,Chris Brown feat. Ludacris,36,Wet The Bed,Chris Brown feat. Ludacris,3,3,2017-01-10,2018-07-24
716,Down on My Knees,Montell Jordan,35,Down on My Knees,Montell Jordan,33,33,2013-09-10,2015-12-15
716,Down on My Knees,Montell Jordan,35,Down On My Knees,Montell Jordan,2,2,2013-09-03,2015-12-22
970,Gimmie That N***,Eazy-E,34,Gimmie That N***,Eazy-E,32,32,2013-08-13,2020-01-07
970,Gimmie That N***,Eazy-E,34,Gimmie that N***,Eazy-E,2,2,2016-07-19,2016-07-26
2348,Set Him Up,Queen Naija; Ari Lennox,34,Set Him Up,Queen Naija; Ari Lennox,29,29,2021-04-20,2024-02-06
2348,Set Him Up,Queen Naija; Ari Lennox,34,Set Him Up,"Queen Naija, Ari Lennox",5,5,2021-06-22,2021-10-05
651,Do The Right Thing,Redhead Kingpin & The FBI,33,Do The Right Thing,Redhead Kingpin & The FBI,32,32,2015-04-14,2019-03-05
651,Do The Right Thing,Redhead Kingpin & The FBI,33,Do The Right Thing,Redhead Kingpin and The FBI,1,1,2019-03-12,2019-03-12
391,BURNITUP!,Janet Jackson,32,BURNITUP!,Janet Jackson,31,31,2015-09-29,2016-05-03
391,BURNITUP!,Janet Jackson,32,Burnitup!,Janet Jackson,1,1,2015-10-06,2015-10-06
402,Buy U A Drank (Shawty Snappin'),T-Pain feat. Yung Joc,32,Buy U A Drank (Shawty Snappin'),T-Pain feat. Yung Joc,31,31,2007-04-03,2007-11-13
402,Buy U A Drank (Shawty Snappin'),T-Pain feat. Yung Joc,32,Buy U A Drank (Shawty Snappin'),T-Pain f/Yung Joc,1,1,2007-06-05,2007-06-05
1941,Nothing But a Number,Pretty Ricky,32,Nothing But a Number,Pretty Ricky,20,20,2005-12-20,2006-05-30
1941,Nothing But a Number,Pretty Ricky,32,Nothing But A Number,Pretty Ricky,12,12,2005-12-06,2021-10-12
1204,I Don't Deserve You,Lloyd Banks feat. Jeremih,31,I Don't Deserve You,Lloyd Banks feat. Jeremih,30,30,2011-11-15,2013-07-23
1204,I Don't Deserve You,Lloyd Banks feat. Jeremih,31,I Don't Deserve You,Lloyd Banks featuring Jeremih,1,1,2012-05-01,2012-05-01
578,Crying out for Me,Mario,30,Crying out for Me,Mario,25,25,2008-01-08,2008-06-24
578,Crying out for Me,Mario,30,Crying Out for Me,Mario,5,5,2008-07-01,2008-07-29
1102,Here We Go... Again,"The Weeknd feat. Tyler, The Creator",30,Here We Go... Again,"The Weeknd feat. Tyler, The Creator",24,24,2022-02-08,2022-07-26
1102,Here We Go... Again,"The Weeknd feat. Tyler, The Creator",30,Here We Go… Again,"The Weeknd feat. Tyler, The Creator",6,6,2022-01-11,2022-08-02
2248,Rinbu~Revolution (Revolutionary Girl Utena),Masami Okui,30,Rinbu~Revolution (Revolutionary Girl Utena),Masami Okui,29,29,2016-03-01,2018-10-09
2248,Rinbu~Revolution (Revolutionary Girl Utena),Masami Okui,30,Rinbu~Revolution Revolutionary Girl Utena),Masami Okui,1,1,2016-06-14,2016-06-14
3094,What's Goin' On?,Gemaine,30,What's Goin' On?,Gemaine,29,29,2021-02-02,2025-04-22
3094,What's Goin' On?,Gemaine,30,What's Goin' On,Gemaine,1,1,2022-03-22,2022-03-22
148,American Way,Nas feat. Kelis,29,American Way,Nas feat. Kelis,26,26,2008-06-03,2022-07-05
148,American Way,Nas feat. Kelis,29,American Way,Nas f/Kelis,3,3,2008-06-17,2008-10-21
1903,No Flex Zone,Rae Sremmurd,29,No Flex Zone,Rae Sremmurd,27,27,2014-08-19,2015-02-24
1903,No Flex Zone,Rae Sremmurd,29,No Flex Zone!!,Rae Sremmurd,2,2,2015-01-20,2015-03-03
966,Gimme the Loot,The Notorious B.I.G.,28,Gimme the Loot,The Notorious B.I.G.,27,27,2007-02-13,2016-06-07
966,Gimme the Loot,The Notorious B.I.G.,28,Gimme The Loot,The Notorious B.I.G.,1,1,2016-05-24,2016-05-24
1098,Here Comes the Hammer,MC Hammer,28,Here Comes the Hammer,MC Hammer,27,27,2015-06-02,2015-12-08
1098,Here Comes the Hammer,MC Hammer,28,Here Comes The Hammer,MC Hammer,1,1,2015-07-14,2015-07-14
2237,Ridin' Solo,Keith Sweat,28,Ridin' Solo,Keith Sweat,27,27,2010-07-06,2011-11-15
2237,Ridin' Solo,Keith Sweat,28,Ridin Solo,Keith Sweat,1,1,2011-03-15,2011-03-15
570,Crooked Smile,J. Cole feat. TLC,27,Crooked Smile,J. Cole feat. TLC,26,26,2013-08-06,2020-03-17
570,Crooked Smile,J. Cole feat. TLC,27,Crooked Smile,J. Cole featuring TLC,1,1,2013-12-10,2013-12-10
2253,Riverside Drive,Scott Schreer; Michael Whalen,27,Riverside Drive,Scott Schreer; Michael Whalen,26,26,2010-03-30,2019-04-30
2253,Riverside Drive,Scott Schreer; Michael Whalen,27,Riverside Drive,"Scott Schreer, Michael Whalen",1,1,2019-04-23,2019-04-23
566,Crazy,illwin feat. Theory,26,Crazy,illwin feat. Theory,20,20,2016-04-05,2017-09-05
566,Crazy,illwin feat. Theory,26,Crazy,Illwin feat. Theory,6,6,2016-05-10,2017-09-19
1491,Karate Chop,Future feat. Lil' Wayne,26,Karate Chop,Future feat. Lil' Wayne,25,25,2013-03-19,2016-09-20
1491,Karate Chop,Future feat. Lil' Wayne,26,Karate Chop,Future featuring Lil' Wayne,1,1,2016-09-27,2016-09-27
3144,Will You Marry Me,Men at Large,26,Will You Marry Me,Men at Large,20,20,2012-10-02,2019-09-10
3144,Will You Marry Me,Men at Large,26,Will You Marry Me?,Men at Large,6,6,2006-12-26,2012-10-09
42,6 Foot 7 Foot,Lil Wayne feat. Cory Gunz,24,6 Foot 7 Foot,Lil Wayne feat. Cory Gunz,23,23,2011-04-05,2011-09-06
42,6 Foot 7 Foot,Lil Wayne feat. Cory Gunz,24,6 Foot 7 Foot,Lil' Wayne feat. Cory Gunz,1,1,2011-12-06,2011-12-06
623,Devil In My Bedroom,The Louisiana Blues Brothas feat. Rena',24,Devil In My Bedroom,The Louisiana Blues Brothas feat. Rena',21,21,2015-12-22,2019-10-08
623,Devil In My Bedroom,The Louisiana Blues Brothas feat. Rena',24,Devil in My Bedroom,The Louisiana Blues Brothas feat. Rena',3,3,2015-12-15,2016-01-19
1497,Keep It Right There,Changing Faces feat. DeVante Swing,24,Keep It Right There,Changing Faces feat. DeVante Swing,21,21,2004-03-02,2004-09-28
1497,Keep It Right There,Changing Faces feat. DeVante Swing,24,Keep It Right There,Changing Faces feat. Devante Swing,3,3,2006-08-15,2006-08-29
3166,Woodgrain and Leather Wit A Hole,Nelly,24,Woodgrain and Leather Wit A Hole,Nelly,18,18,2004-12-21,2005-05-10
3166,Woodgrain and Leather Wit A Hole,Nelly,24,Woodgrain and Leather Wit a Hole,Nelly,6,6,2004-11-09,2005-01-04
554,Cookie,Bobby V,23,Cookie,Bobby V,22,22,2022-07-12,2022-12-06
554,Cookie,Bobby V,23,Cookie,Bobby V.,1,1,2022-07-05,2022-07-05
2578,STILL FINE,Sons of Funk,23,STILL FINE,Sons of Funk,16,16,2023-04-11,2023-08-01
2578,STILL FINE,Sons of Funk,23,Still Fine,Sons of Funk,7,7,2023-03-21,2023-08-29
3214,#!*@ You Tonight,The Notorious B.I.G. feat. R. Kelly,23,#!*@ You Tonight,The Notorious B.I.G. feat. R. Kelly,20,20,2003-03-18,2005-08-02
3214,#!*@ You Tonight,The Notorious B.I.G. feat. R. Kelly,23,#!*@ You Tonight,The Notorious B.I.G. feat. R.Kelly,3,3,2003-04-08,2003-12-02
1131,Holding,Lloyd feat. Lil Wayne,22,Holding,Lloyd feat. Lil Wayne,21,21,2017-01-03,2017-12-26
1131,Holding,Lloyd feat. Lil Wayne,22,Holding,Lloyd feat. Lil' Wayne,1,1,2016-12-27,2016-12-27
2989,Voices (Randy Orton Theme),Rev Theory; WWE,21,Voices (Randy Orton Theme),Rev Theory; WWE,20,20,2019-10-29,2020-03-17
2989,Voices (Randy Orton Theme),Rev Theory; WWE,21,Voices (Randy Orton Theme),"Rev Theory, WWE",1,1,2019-12-03,2019-12-03
74,Ace Is in the House,Tone-Loc,20,Ace Is in the House,Tone-Loc,19,19,2009-08-04,2009-12-08
74,Ace Is in the House,Tone-Loc,20,Ace Is in the House,Tone Loc,1,1,2009-12-15,2009-12-15
198,Baby Hold On To Me,Gerald Levert feat. Eddie Levert,20,Baby Hold On To Me,Gerald Levert feat. Eddie Levert,19,19,2021-07-27,2021-11-30
198,Baby Hold On To Me,Gerald Levert feat. Eddie Levert,20,Baby Hold On To Me,Gerald LeVert feat. Eddie LeVert,1,1,2023-05-02,2023-05-02
2172,Rain on Me,Ashanti,20,Rain on Me,Ashanti,14,14,2017-10-31,2019-05-14
2172,Rain on Me,Ashanti,20,Rain On Me,Ashanti,6,6,2017-10-03,2025-04-08
2388,She Swallowed It,N.W.A.,20,She Swallowed It,N.W.A.,13,13,2018-01-02,2018-03-27
2388,She Swallowed It,N.W.A.,20,She Swallowed It,N.W.A,7,7,2017-12-26,2024-01-23
3194,You Can Be My N***a,Adina Howard feat. Yo-Yo,20,You Can Be My N***a,Adina Howard feat. Yo-Yo,19,19,2007-01-23,2007-06-12
3194,You Can Be My N***a,Adina Howard feat. Yo-Yo,20,You Can Be My N***a,Adina Howard f/Yo-Yo,1,1,2007-06-19,2007-06-19
345,Born II Die (Tales from the Hood),Spice 1,19,Born II Die (Tales from the Hood),Spice 1,18,18,2016-05-17,2019-07-30
345,Born II Die (Tales from the Hood),Spice 1,19,Born II Die Tales from the Hood),Spice 1,1,1,2016-06-21,2016-06-21
531,Come Get To This,Marvin Gaye,19,Come Get To This,Marvin Gaye,15,15,2010-08-31,2018-12-04
531,Come Get To This,Marvin Gaye,19,Come Get to This,Marvin Gaye,4,4,2011-09-27,2016-06-28
699,Don't Stop the Rock,Freestyle,19,Don't Stop the Rock,Freestyle,14,14,2007-09-25,2024-01-02
699,Don't Stop the Rock,Freestyle,19,Don't Stop The Rock,Freestyle,5,5,2024-07-23,2024-08-20
1219,I Get Crazy,Nicki Minaj feat. Lil Wayne,19,I Get Crazy,Nicki Minaj feat. Lil Wayne,15,15,2009-12-15,2010-03-23
1219,I Get Crazy,Nicki Minaj feat. Lil Wayne,19,I Get Crazy,Nicki Minaj feat. Lil' Wayne,4,4,2012-05-08,2012-05-29
1277,I Wanna Be Yo Ho (Remix),AMG,19,I Wanna Be Yo Ho (Remix),AMG,18,18,2007-06-05,2011-07-05
1277,I Wanna Be Yo Ho (Remix),AMG,19,I Wanna Be Yo Ho [Remix],AMG,1,1,2011-06-07,2011-06-07
1931,Not a Day,Guy,19,Not a Day,Guy,18,18,2006-10-24,2015-11-17
1931,Not a Day,Guy,19,Not A Day,Guy,1,1,2019-05-14,2019-05-14
2150,Pushing Inside You 2019,Ar'Jay; Sons of Funk,19,Pushing Inside You 2019,Ar'Jay; Sons of Funk,18,18,2020-08-18,2020-12-29
2150,Pushing Inside You 2019,Ar'Jay; Sons of Funk,19,Pushing Inside You 2019,Ar'Jay/Sons of Funk,1,1,2020-08-25,2020-08-25
29,21 Questions,50 Cent feat. Nate Dogg,18,21 Questions,50 Cent feat. Nate Dogg,17,17,2003-04-08,2003-08-05
29,21 Questions,50 Cent feat. Nate Dogg,18,21 Questions,50 Cent f/Nate Dogg,1,1,2003-07-08,2003-07-08
451,Casanova,LeVert,18,Casanova,LeVert,17,17,2019-08-06,2020-01-07
451,Casanova,LeVert,18,Casanova,Levert,1,1,2014-05-20,2014-05-20
1562,Leave The Door Open,Bruno Mars; Anderson .Paak; Silk Sonic,18,Leave The Door Open,Bruno Mars; Anderson .Paak; Silk Sonic,17,17,2021-04-20,2021-08-17
1562,Leave The Door Open,Bruno Mars; Anderson .Paak; Silk Sonic,18,Leave The Door Open,"Bruno Mars, Anderson .Paak, Silk Sonic",1,1,2021-06-22,2021-06-22
3217,Your Love Is a 187,The Whitehead Bros.,18,Your Love Is a 187,The Whitehead Bros.,13,13,2010-10-05,2011-01-04
3217,Your Love Is a 187,The Whitehead Bros.,18,Your Love Is A 187,The Whitehead Bros.,5,5,2010-08-31,2010-09-28
620,Déjà vu (Uptown Baby),Lord Tariq & Peter Gunz,17,Déjà vu (Uptown Baby),Lord Tariq & Peter Gunz,12,12,2011-09-27,2012-02-07
620,Déjà vu (Uptown Baby),Lord Tariq & Peter Gunz,17,Deja Vu (Uptown Baby),Lord Tariq & Peter Gunz,5,5,2011-11-01,2021-09-14
1268,"I Start You Up, You Turn Me On",LeVert,17,"I Start You Up, You Turn Me On",LeVert,16,16,2014-05-27,2019-08-27
1268,"I Start You Up, You Turn Me On",LeVert,17,"I Start You Up, You Turn Me On",Levert,1,1,2014-05-20,2014-05-20
2109,"(Pop, Pop, Pop, Pop) Goes My Mind",LeVert,17,"(Pop, Pop, Pop, Pop) Goes My Mind",LeVert,16,16,2014-05-27,2014-09-09
2109,"(Pop, Pop, Pop, Pop) Goes My Mind",LeVert,17,"(Pop, Pop, Pop, Pop) Goes My Mind",Levert,1,1,2014-05-20,2014-05-20
182,Attitude,Deante Hitchcock feat. Young Nudy,16,Attitude,Deante Hitchcock feat. Young Nudy,11,11,2020-12-15,2021-02-23
182,Attitude,Deante Hitchcock feat. Young Nudy,16,Attitude,Deante' Hitchcock feat. Young Nudy,5,5,2021-11-30,2021-12-28
299,Black Cat Moon (Virtua Fighter 2),Mitsu Nakamura; Hashimoto Yoshi,16,Black Cat Moon (Virtua Fighter 2),Mitsu Nakamura; Hashimoto Yoshi,14,14,2015-05-26,2018-05-08
299,Black Cat Moon (Virtua Fighter 2),Mitsu Nakamura; Hashimoto Yoshi,16,Black Cat Moon (Virtua Fighter 2),"Mitsu Nakamura, Hashimoto Yoshi",2,2,2018-04-24,2018-05-15
947,Get On Up,Jodeci,16,Get On Up,Jodeci,14,14,2005-05-03,2005-08-02
947,Get On Up,Jodeci,16,Get on Up,Jodeci,2,2,2006-02-07,2006-02-14
1071,Hard Times,Ludacris feat. Carl Thomas; 8-Ball & MJG,16,Hard Times,Ludacris feat. Carl Thomas; 8-Ball & MJG,14,14,2004-09-28,2004-12-28
1071,Hard Times,Ludacris feat. Carl Thomas; 8-Ball & MJG,16,Hard Times,Ludacris feat. Carl Thomas; 8-Ball and MJG,2,2,2005-01-04,2005-01-11
1313,If I Ruled The World (Imagine That),Nas feat. Lauryn Hill,16,If I Ruled The World (Imagine That),Nas feat. Lauryn Hill,15,15,2020-02-04,2020-06-02
1313,If I Ruled The World (Imagine That),Nas feat. Lauryn Hill,16,If I Ruled the World (Imagine That),Nas feat. Lauryn Hill,1,1,2016-01-26,2016-01-26
1436,It's Ok,Meaku,16,It's Ok,Meaku,15,15,2023-06-13,2023-09-19
1436,It's Ok,Meaku,16,It's OK,Meaku,1,1,2023-06-06,2023-06-06
1611,Light a Candle,Jamie Foxx,16,Light a Candle,Jamie Foxx,14,14,2006-08-29,2006-11-28
1611,Light a Candle,Jamie Foxx,16,Light A Candle,Jamie Foxx,2,2,2006-07-11,2006-07-18
1940,Nothin' On,Lil Jon & The East Side Boyz feat. Oobie; Bohagon,16,Nothin' On,Lil Jon & The East Side Boyz feat. Oobie; Bohagon,8,8,2003-10-14,2003-12-02
1940,Nothin' On,Lil Jon & The East Side Boyz feat. Oobie; Bohagon,16,Nothin' On,Lil' Jon and the East Side Boyz feat. Oobie; Bohagon,8,8,2003-08-12,2003-10-07
2482,Snap Yo Fingers,Lil Jon feat. E-40; Sean Paul of the YoungBloodZ,16,Snap Yo Fingers,Lil Jon feat. E-40; Sean Paul of the YoungBloodZ,15,15,2006-05-30,2021-02-09
2482,Snap Yo Fingers,Lil Jon feat. E-40; Sean Paul of the YoungBloodZ,16,Snap Yo Fingers,Lil' Jon feat. E-40; Sean Paul of the YoungBloodZ,1,1,2006-07-18,2006-07-18
110,All Day All Night,Bobby Brown,15,All Day All Night,Bobby Brown,13,13,2016-03-22,2022-03-29
110,All Day All Night,Bobby Brown,15,"All Day, All Night",Bobby Brown,2,2,2012-10-30,2012-11-06
1197,I Belong to You (Every Time I See Your Face),Rome,15,I Belong to You (Every Time I See Your Face),Rome,14,14,2003-12-16,2004-03-16
1197,I Belong to You (Every Time I See Your Face),Rome,15,I Belong To You (Every Time I See Your Face),Rome,1,1,2017-07-25,2017-07-25
1345,I'm Going to Fall In Love,Ginuwine,15,I'm Going to Fall In Love,Ginuwine,13,13,2014-08-19,2016-06-28
1345,I'm Going to Fall In Love,Ginuwine,15,I'm Going To Fall In Love,Ginuwine,2,2,2014-01-21,2014-01-28
2017,Ooh Na Na Naa Naa,Lil Jon & The East Side Boyz feat. Devin the Dude; Oobie,15,Ooh Na Na Naa Naa,Lil Jon & The East Side Boyz feat. Devin the Dude; Oobie,12,12,2003-10-14,2003-12-30
2017,Ooh Na Na Naa Naa,Lil Jon & The East Side Boyz feat. Devin the Dude; Oobie,15,Ooh Na Na Naa Naa,Lil' Jon and the East Side Boyz feat. Devin the Dude; Oobie,3,3,2003-06-10,2004-01-06
2211,Reflections in Time,Trammell Starks,15,Reflections in Time,Trammell Starks,12,12,2007-02-27,2013-09-10
2211,Reflections in Time,Trammell Starks,15,Reflections In Time,Trammell Starks,3,3,2013-08-20,2013-09-03
1221,I Got 5 On It,Luniz,14,I Got 5 On It,Luniz,10,10,2018-03-20,2024-01-02
1221,I Got 5 On It,Luniz,14,I Got 5 on It,Luniz,4,4,2003-03-18,2003-05-06
2738,The Body,Wale feat. Jeremih,14,The Body,Wale feat. Jeremih,13,13,2015-03-17,2015-06-16
2738,The Body,Wale feat. Jeremih,14,The Body,Wale featuring Jeremih,1,1,2015-05-05,2015-05-05
3168,Word Up!,Cameo,14,Word Up!,Cameo,12,12,2024-11-12,2025-09-09
3168,Word Up!,Cameo,14,Word Up,Cameo,2,2,2024-10-29,2024-11-05
831,Fisherman From 7 Seas,Mitsu Nakamura; Hashimoto Yoshi,13,Fisherman From 7 Seas,Mitsu Nakamura; Hashimoto Yoshi,12,12,2004-05-18,2019-07-16
831,Fisherman From 7 Seas,Mitsu Nakamura; Hashimoto Yoshi,13,Fisherman from 7 Seas,Mitsu Nakamura; Hashimoto Yoshi,1,1,2019-06-18,2019-06-18
1214,I Don't Want to Do Anything,Mary J. Blige feat. K-Ci,13,I Don't Want to Do Anything,Mary J. Blige feat. K-Ci,12,12,2011-10-25,2024-02-13
1214,I Don't Want to Do Anything,Mary J. Blige feat. K-Ci,13,I Don't Want To Do Anything,Mary J. Blige feat. K-Ci,1,1,2006-07-11,2006-07-11
1901,No Fake Love,Queen Naija feat. Youngboy Never Broke Again,13,No Fake Love,Queen Naija feat. Youngboy Never Broke Again,11,11,2023-09-05,2023-11-14
1901,No Fake Love,Queen Naija feat. Youngboy Never Broke Again,13,No Fake Love,Queen Naija feat. YoungBoy Never Broke Again,2,2,2024-10-01,2024-10-08
1969,On and On,Navio feat. Keith Sweat,13,On and On,Navio feat. Keith Sweat,12,12,2014-10-28,2015-02-10
1969,On and On,Navio feat. Keith Sweat,13,On and On,Navio featuring Keith Sweat,1,1,2015-02-03,2015-02-03
2157,Put Your Hands on My Body,Danéx,13,Put Your Hands on My Body,Danéx,12,12,2016-07-05,2016-09-20
2157,Put Your Hands on My Body,Danéx,13,Put Your Hands on My Body,Danèx,1,1,2016-12-27,2016-12-27
489,Chedda Brings,Ginuwine feat. Jose Cenquentez,12,Chedda Brings,Ginuwine feat. Jose Cenquentez,11,11,2006-02-07,2006-07-04
489,Chedda Brings,Ginuwine feat. Jose Cenquentez,12,Chedda Brings,Ginuwine feat. José Cenquentez,1,1,2006-07-11,2006-07-11
528,Come Back to Me,Janet Jackson,12,Come Back to Me,Janet Jackson,9,9,2018-01-30,2018-03-27
528,Come Back to Me,Janet Jackson,12,Come Back To Me,Janet Jackson,3,3,2018-01-09,2018-01-23
1323,If You Let Me,Sinead Harnett feat. Grades,12,If You Let Me,Sinead Harnett feat. Grades,11,11,2017-01-17,2017-04-04
1323,If You Let Me,Sinead Harnett feat. Grades,12,If You Let Me,Sinéad Harnett feat. GRADES,1,1,2017-01-24,2017-01-24
2483,Snoop Dogg (What's My Name pt. II),Snoop Dogg,12,Snoop Dogg (What's My Name pt. II),Snoop Dogg,7,7,2005-03-08,2017-05-09
2483,Snoop Dogg (What's My Name pt. II),Snoop Dogg,12,Snoop Dogg (What's My Name Pt. II),Snoop Dogg,5,5,2004-02-03,2019-04-02
2822,Theme of Sagat & Ryu (Street Fighter Alpha 2),Setsuo Yamamoto; Syun Nishigaki; Tatsuro Suzuki,12,Theme of Sagat & Ryu (Street Fighter Alpha 2),Setsuo Yamamoto; Syun Nishigaki; Tatsuro Suzuki,11,11,2006-07-11,2018-04-24
2822,Theme of Sagat & Ryu (Street Fighter Alpha 2),Setsuo Yamamoto; Syun Nishigaki; Tatsuro Suzuki,12,Theme of Sagat & Ryu (Street Fighter Alpha 2),Setsuo Yamamoto/Syun Nishigaki/Tatsuro Suzuki,1,1,2018-03-06,2018-03-06
3053,Weekend Girl,S.O.S Band,12,Weekend Girl,S.O.S Band,10,10,2009-01-20,2010-07-06
3053,Weekend Girl,S.O.S Band,12,Weekend Girl,S.O.S. Band,2,2,2010-07-13,2010-07-20
3147,Wishing,DJ Drama feat. Chris Brown; Skeme; Lyquin,12,Wishing,DJ Drama feat. Chris Brown; Skeme; Lyquin,11,11,2017-04-04,2017-06-20
3147,Wishing,DJ Drama feat. Chris Brown; Skeme; Lyquin,12,Wishing,"DJ Drama feat. Chris Brown, Skeme; Lyquin",1,1,2017-04-25,2017-04-25
88,Ain't Gonna Hurt Nobody,Kid 'n Play,11,Ain't Gonna Hurt Nobody,Kid 'n Play,7,7,2018-11-06,2018-12-18
88,Ain't Gonna Hurt Nobody,Kid 'n Play,11,Ain't Gonna Hurt Nobody,Kid n' Play,4,4,2007-05-22,2007-06-12
273,Beez in the Trap,Nicki Minaj feat. 2 Chainz,11,Beez in the Trap,Nicki Minaj feat. 2 Chainz,10,10,2012-05-08,2012-07-24
273,Beez in the Trap,Nicki Minaj feat. 2 Chainz,11,Beez In the Trap,Nicki Minaj feat. 2 Chainz,1,1,2012-05-29,2012-05-29
364,Breathe In Breathe Out,Kanye West feat. Ludacris,11,Breathe In Breathe Out,Kanye West feat. Ludacris,7,7,2004-02-17,2004-12-07
364,Breathe In Breathe Out,Kanye West feat. Ludacris,11,"Breathe In, Breathe Out",Kanye West feat. Ludacris,4,4,2004-03-02,2004-11-23
695,Don't Rush the Night,Aaron Hall,11,Don't Rush the Night,Aaron Hall,8,8,2013-11-19,2014-11-11
695,Don't Rush the Night,Aaron Hall,11,Don't Rush The Night,Aaron Hall,3,3,2013-10-29,2013-11-12
1628,Living With a Hernia,"""Weird Al"" Yankovic",11,Living With a Hernia,"""Weird Al"" Yankovic",10,10,2023-01-03,2023-03-07
1628,Living With a Hernia,"""Weird Al"" Yankovic",11,Living With A Hernia,"""Weird Al"" Yankovic",1,1,2022-12-27,2022-12-27
2112,Pop That P--sy,2 Live Crew,11,Pop That P--sy,2 Live Crew,6,6,2017-05-16,2017-07-04
2112,Pop That P--sy,2 Live Crew,11,Pop That P-sy,2 Live Crew,5,5,2017-05-09,2017-08-01
2116,Poppin,Rico Richie,11,Poppin,Rico Richie,7,7,2019-04-23,2019-08-13
2116,Poppin,Rico Richie,11,Poppin',Rico Richie,4,4,2019-03-26,2019-04-16
2357,"Sex, Money & Murder from Juice",MC Pooh,11,"Sex, Money & Murder from Juice",MC Pooh,7,7,2021-06-29,2021-08-17
2357,"Sex, Money & Murder from Juice",MC Pooh,11,"Sex, Money & Murder From Juice",MC Pooh,4,4,2021-06-15,2021-08-24
2700,Tell Me (Remix),Bobby V feat. Lil Wayne,11,Tell Me (Remix),Bobby V feat. Lil Wayne,7,7,2005-08-30,2005-11-08
2700,Tell Me (Remix),Bobby V feat. Lil Wayne,11,Tell Me (Remix),Bobby V feat. Lil' Wayne,4,4,2006-01-10,2006-01-31
3167,Word to tha D,AMG,11,Word to tha D,AMG,8,8,2007-04-24,2007-06-12
3167,Word to tha D,AMG,11,Word to Tha D,AMG,3,3,2012-01-10,2012-01-24
63,A Milli,Lil Wayne,10,A Milli,Lil Wayne,6,6,2008-07-08,2008-12-02
63,A Milli,Lil Wayne,10,A Milli,Lil' Wayne,4,4,2008-11-04,2008-11-25
325,Body Aint Me,Pink Sweat$,10,Body Aint Me,Pink Sweat$,7,7,2019-07-02,2019-08-13
325,Body Aint Me,Pink Sweat$,10,Body Ain't Me,Pink Sweat$,3,3,2019-06-25,2020-01-14
771,Everybody Wants to Rule the World,Tears for Fears,10,Everybody Wants to Rule the World,Tears for Fears,7,7,2021-10-26,2021-12-07
771,Everybody Wants to Rule the World,Tears for Fears,10,Everybody Wants To Rule the World,Tears for Fears,3,3,2021-08-31,2022-02-22
1162,How Can I Love U 2Nite,Sisqò,10,How Can I Love U 2Nite,Sisqò,8,8,2003-12-23,2004-12-14
1162,How Can I Love U 2Nite,Sisqò,10,How Can I Love U 2Nite,Sisqo,2,2,2003-12-09,2003-12-16
1605,Life Is… Too Short,Too $hort,10,Life Is… Too Short,Too $hort,9,9,2005-02-15,2005-04-19
1605,Life Is… Too Short,Too $hort,10,Life Is... Too Short,Too $hort,1,1,2018-01-30,2018-01-30
1640,Look Back at Me,Trina feat. Killer Mike,10,Look Back at Me,Trina feat. Killer Mike,9,9,2013-01-15,2013-04-16
1640,Look Back at Me,Trina feat. Killer Mike,10,Look Back At Me,Trina feat. Killer Mike,1,1,2013-02-26,2013-02-26
1935,Not the One Blues,Burnshee Thornside,10,Not the One Blues,Burnshee Thornside,8,8,2007-08-14,2007-10-02
1935,Not the One Blues,Burnshee Thornside,10,Not The One Blues,Burnshee Thornside,2,2,2017-04-04,2017-04-11
2133,Proof Is In the Pudding,Nuttin' Nyce,10,Proof Is In the Pudding,Nuttin' Nyce,9,9,2013-12-17,2014-02-18
2133,Proof Is In the Pudding,Nuttin' Nyce,10,Proof Is In The Pudding,Nuttin' Nyce,1,1,2014-01-28,2014-01-28
2690,Teach Me How to Dougie,Cali Swag District,10,Teach Me How to Dougie,Cali Swag District,7,7,2013-01-01,2021-10-19
2690,Teach Me How to Dougie,Cali Swag District,10,Teach Me How To Dougie,Cali Swag District,3,3,2012-12-25,2018-01-23
3034,Ways to Treat a Woman,H-Town,10,Ways to Treat a Woman,H-Town,9,9,2011-01-25,2011-04-19
3034,Ways to Treat a Woman,H-Town,10,Ways to Treat A Woman,H-Town,1,1,2011-02-22,2011-02-22
3036,We Are Young,Fun. feat. Janelle Monae,10,We Are Young,Fun. feat. Janelle Monae,9,9,2013-04-30,2013-10-22
3036,We Are Young,Fun. feat. Janelle Monae,10,We Are Young,fun. feat. Janelle Monáe,1,1,2019-08-13,2019-08-13
491,CHERRY SORBET,DIXSON feat. Sevyn Streeter,9,CHERRY SORBET,DIXSON feat. Sevyn Streeter,8,8,2022-09-06,2022-10-25
491,CHERRY SORBET,DIXSON feat. Sevyn Streeter,9,CHERRY SORBET,Dixson feat. Sevyn Streeter,1,1,2022-08-30,2022-08-30
530,Come For Me (Unlocked),Alicia Keys feat. Khalid; Lucky Daye,9,Come For Me (Unlocked),Alicia Keys feat. Khalid; Lucky Daye,8,8,2023-05-30,2023-08-22
530,Come For Me (Unlocked),Alicia Keys feat. Khalid; Lucky Daye,9,Come for Me (Unlocked),Alicia Keys feat. Khalid; Lucky Daye,1,1,2023-05-23,2023-05-23
812,Feel the Funk,Immature,9,Feel the Funk,Immature,7,7,2006-08-15,2006-09-26
812,Feel the Funk,Immature,9,Feel The Funk,Immature,2,2,2006-10-03,2006-10-10
1314,If I Ruled The World,Nas feat. Lauryn Hill,9,If I Ruled The World,Nas feat. Lauryn Hill,7,7,2013-09-17,2013-11-05
1314,If I Ruled The World,Nas feat. Lauryn Hill,9,If I Ruled the World,Nas feat. Lauryn Hill,2,2,2013-10-01,2016-01-19
1396,Insane In the Brain,Cypress Hill,9,Insane In the Brain,Cypress Hill,7,7,2016-05-03,2016-06-28
1396,Insane In the Brain,Cypress Hill,9,Insane in the Brain,Cypress Hill,2,2,2016-05-31,2016-06-07
1401,Instant OC ReMix,Instant Remedy,9,Instant OC ReMix,Instant Remedy,8,8,2004-12-14,2005-03-01
1401,Instant OC ReMix,Instant Remedy,9,Instant OC Remix,Instant Remedy,1,1,2004-12-07,2004-12-07
2148,Push up on Your Body,H-Town,9,Push up on Your Body,H-Town,6,6,2016-10-25,2016-11-29
2148,Push up on Your Body,H-Town,9,Push Up on Your Body,H-Town,3,3,2016-10-18,2017-12-26
248,Be Thankful For What You Got,William Devaughn,8,Be Thankful For What You Got,William Devaughn,7,7,2023-09-12,2023-10-31
248,Be Thankful For What You Got,William Devaughn,8,Be Thankful For What You Got,William DeVaughn,1,1,2023-09-05,2023-09-05
641,Dirt off Your Shoulder,Jay-Z,8,Dirt off Your Shoulder,Jay-Z,6,6,2004-04-27,2010-03-16
641,Dirt off Your Shoulder,Jay-Z,8,Dirt Off Your Shoulder,Jay-Z,2,2,2018-05-22,2018-05-29
1936,Not Tonight (Ladies Night Remix),"Lil Kim feat. Angie Martinez; Lisa ""Left Eye"" Lopes; Da Brat; Missy Elliott",8,Not Tonight (Ladies Night Remix),"Lil Kim feat. Angie Martinez; Lisa ""Left Eye"" Lopes; Da Brat; Missy Elliott",4,4,2008-10-14,2009-03-17
1936,Not Tonight (Ladies Night Remix),"Lil Kim feat. Angie Martinez; Lisa ""Left Eye"" Lopes; Da Brat; Missy Elliott",8,Not Tonight (Ladies Night Remix),"Lil' Kim feat. Angie Martinez; Lisa ""Left Eye"" Lopes; Da Brat; Missy Elliott",4,4,2008-09-09,2008-09-30
2142,Pumps and A Bump,MC Hammer,8,Pumps and A Bump,MC Hammer,7,7,2004-05-18,2004-06-29
2142,Pumps and A Bump,MC Hammer,8,Pumps and a Bump,MC Hammer,1,1,2010-12-28,2010-12-28
2389,Sherane a.k.a Master Splinter's Daughter,Kendrick Lamar,8,Sherane a.k.a Master Splinter's Daughter,Kendrick Lamar,6,6,2015-03-17,2015-04-28
2389,Sherane a.k.a Master Splinter's Daughter,Kendrick Lamar,8,Sherane a.k.a. Master Splinter's Daughter,Kendrick Lamar,2,2,2015-03-10,2015-04-14
2448,Slither,Pieces of A Dream,8,Slither,Pieces of A Dream,7,7,2005-06-07,2017-02-28
2448,Slither,Pieces of A Dream,8,Slither,Pieces of a Dream,1,1,2006-12-26,2006-12-26
3027,Watch Me (Whip / Nae Nae),Silentó,8,Watch Me (Whip / Nae Nae),Silentó,5,5,2015-09-22,2015-10-20
3027,Watch Me (Whip / Nae Nae),Silentó,8,Watch Me (Whip / Nae Nae),Silentò,3,3,2016-10-18,2016-11-01
3213,You Sure Love To Ball,Marvin Gaye,8,You Sure Love To Ball,Marvin Gaye,7,7,2010-08-03,2010-09-14
3213,You Sure Love To Ball,Marvin Gaye,8,You Sure Love to Ball,Marvin Gaye,1,1,2013-01-15,2013-01-15
992,Go Home and Be A Family Man OC ReMix,Norrin Radd,7,Go Home and Be A Family Man OC ReMix,Norrin Radd,4,4,2004-12-14,2013-12-17
992,Go Home and Be A Family Man OC ReMix,Norrin Radd,7,Go Home And Be A Family Man OC ReMix,Norrin Radd,3,3,2013-11-19,2013-12-10
1054,Guardian of Light,Shinji Hosoe; Ayako Saso; Takayuki Aihara,7,Guardian of Light,Shinji Hosoe; Ayako Saso; Takayuki Aihara,4,4,2017-09-12,2018-05-01
1054,Guardian of Light,Shinji Hosoe; Ayako Saso; Takayuki Aihara,7,Guardian of Light,"Shinji Hosoe, Ayako Saso, Takayuki Aihara",3,3,2011-12-20,2025-02-25
1795,More Bounce to the Ounce,Zapp & Roger,7,More Bounce to the Ounce,Zapp & Roger,5,5,2013-11-19,2013-12-17
1795,More Bounce to the Ounce,Zapp & Roger,7,More Bounce To The Ounce,Zapp & Roger,2,2,2013-11-05,2013-12-31
1930,None of Ur Friends Business,Ginuwine,7,None of Ur Friends Business,Ginuwine,6,6,2011-06-28,2017-07-11
1930,None of Ur Friends Business,Ginuwine,7,None Of Ur Friends Business,Ginuwine,1,1,2016-05-03,2016-05-03
2740,The Boss from Black Caesar,James Brown,7,The Boss from Black Caesar,James Brown,6,6,2021-03-23,2021-04-27
2740,The Boss from Black Caesar,James Brown,7,"The Boss - from ""Black Caesar""",James Brown,1,1,2025-09-16,2025-09-16
2815,Theme of Jacky,Mitsu Nakamura; Hashimoto Yoshi,7,Theme of Jacky,Mitsu Nakamura; Hashimoto Yoshi,6,6,2016-09-06,2020-10-11
2815,Theme of Jacky,Mitsu Nakamura; Hashimoto Yoshi,7,Theme of Jacky,Mitsu Nakamura/Hashimoto Yoshi,1,1,2016-09-13,2016-09-13
2825,Theme of Sarah,Mitsu Nakamura; Hashimoto Yoshi,7,Theme of Sarah,Mitsu Nakamura; Hashimoto Yoshi,5,5,2016-09-06,2020-10-11
2825,Theme of Sarah,Mitsu Nakamura; Hashimoto Yoshi,7,Theme of Sarah,Mitsu Nakamura/Hashimoto Yoshi,2,2,2016-09-13,2016-10-04
3071,What Happened to That Boy,Baby feat. Clipse,7,What Happened to That Boy,Baby feat. Clipse,6,6,2003-07-01,2006-10-10
3071,What Happened to That Boy,Baby feat. Clipse,7,What Happened to that Boy,Baby feat. Clipse,1,1,2006-09-26,2006-09-26
3113,Where The Hood At,DMX,7,Where The Hood At,DMX,5,5,2013-07-02,2019-09-10
3113,Where The Hood At,DMX,7,Where the Hood At,DMX,2,2,2013-06-25,2013-07-23
78,Addicted,Sisqó,6,Addicted,Sisqó,5,5,2019-04-16,2019-05-14
78,Addicted,Sisqó,6,Addicted,Sisqò,1,1,2019-04-09,2019-04-09
517,Coffee Pot (It's Time For The Percolator),Cajmere,6,Coffee Pot (It's Time For The Percolator),Cajmere,4,4,2020-04-28,2020-06-02
517,Coffee Pot (It's Time For The Percolator),Cajmere,6,Coffee Pot (It's Time for the Percolator),Cajmere,2,2,2004-07-27,2004-08-03
1083,Heart On Ice,Rod Wave,6,Heart On Ice,Rod Wave,4,4,2024-09-24,2024-10-15
1083,Heart On Ice,Rod Wave,6,Heart on Ice,Rod Wave,2,2,2024-09-10,2024-09-17
1133,Holla At Me,DJ Khaled feat. Lil Wayne; Paul Wall; Fat Joe; Rick Ross; Pitbull,6,Holla At Me,DJ Khaled feat. Lil Wayne; Paul Wall; Fat Joe; Rick Ross; Pitbull,5,5,2006-06-06,2006-07-04
1133,Holla At Me,DJ Khaled feat. Lil Wayne; Paul Wall; Fat Joe; Rick Ross; Pitbull,6,Holla At Me,DJ Khaled feat. Lil' Wayne; Paul Wall; Fat Joe; Rick Ross; Pitbull,1,1,2006-07-11,2006-07-11
1153,Hot Sex Pt. 2,Busta Rhymes,6,Hot Sex Pt. 2,Busta Rhymes,4,4,2022-12-06,2022-12-27
1153,Hot Sex Pt. 2,Busta Rhymes,6,"Hot Sex, Pt. 2",Busta Rhymes,2,2,2022-11-22,2022-11-29
1755,Memories Back Then,"T.I., B.o.B., Kendrick Lamar feat. Kris Stephens",6,Memories Back Then,"T.I., B.o.B., Kendrick Lamar feat. Kris Stephens",3,3,2019-01-01,2019-01-15
1755,Memories Back Then,"T.I., B.o.B., Kendrick Lamar feat. Kris Stephens",6,Memories Back Then,T.I.; B.o.B.; Kendrick Lamar feat. Kris Stephens,3,3,2018-12-11,2018-12-25
39,4 5 6,Solè feat. JT Money; Kandi,5,4 5 6,Solè feat. JT Money; Kandi,3,3,2004-02-10,2004-02-24
39,4 5 6,Solè feat. JT Money; Kandi,5,"4,5,6",Solè feat. JT Money; Kandi,2,2,2004-06-22,2004-06-29
924,Genie In A Bottle,Christina Aguilera,5,Genie In A Bottle,Christina Aguilera,3,3,2017-12-26,2018-01-09
924,Genie In A Bottle,Christina Aguilera,5,Genie In a Bottle,Christina Aguilera,2,2,2013-02-26,2013-03-05
1115,High Powered,Dr. Dre; The Lady of Rage; RBX,5,High Powered,Dr. Dre; The Lady of Rage; RBX,3,3,2020-07-21,2020-12-08
1115,High Powered,Dr. Dre; The Lady of Rage; RBX,5,High Powered,"Dr. Dre, The Lady of Rage, RBX",2,2,2020-07-28,2020-08-04
1925,Nobody Wins,Jodeci feat. B.o.B.,5,Nobody Wins,Jodeci feat. B.o.B.,4,4,2014-12-23,2015-01-20
1925,Nobody Wins,Jodeci feat. B.o.B.,5,Nobody Wins,Jodeci featuring B.o.B.,1,1,2015-01-13,2015-01-13
1955,NWO Wolfpack Theme,WCW,5,NWO Wolfpack Theme,WCW,3,3,2004-02-10,2004-02-24
1955,NWO Wolfpack Theme,WCW,5,nWo Wolfpack Theme,WCW,2,2,2004-03-02,2004-03-09
2232,Ricochet,Ice-T,5,Ricochet,Ice-T,4,4,2005-12-20,2008-02-26
2232,Ricochet,Ice-T,5,Ricochet,Ice T,1,1,2006-10-03,2006-10-03
2656,T-Shirt and Panties,Adina Howard feat. Jamie Foxx,5,T-Shirt and Panties,Adina Howard feat. Jamie Foxx,4,4,2004-03-23,2004-08-10
2656,T-Shirt and Panties,Adina Howard feat. Jamie Foxx,5,T-Shirt and Panties,Adina Howard f/Jamie Foxx,1,1,2004-03-16,2004-03-16
3043,We Got,Ludacris feat. I-20; Chingy; Tity Boi,5,We Got,Ludacris feat. I-20; Chingy; Tity Boi,4,4,2006-03-07,2006-04-04
3043,We Got,Ludacris feat. I-20; Chingy; Tity Boi,5,We Got,"Ludacris feat. I-20, Chingy; Tity Boi",1,1,2006-03-14,2006-03-14
3229,You've Lost That Lovin' Feelin',The Righteous Brothers,5,You've Lost That Lovin' Feelin',The Righteous Brothers,4,4,2004-02-03,2011-03-08
3229,You've Lost That Lovin' Feelin',The Righteous Brothers,5,You've Lost that Lovin' Feelin',The Righteous Brothers,1,1,2011-03-15,2011-03-15
251,Beach Ball,Busta Rhymes feat. BIA,4,Beach Ball,Busta Rhymes feat. BIA,3,3,2023-07-04,2023-07-25
251,Beach Ball,Busta Rhymes feat. BIA,4,BEACH BALL,Busta Rhymes feat. BIA,1,1,2023-07-11,2023-07-11
804,Fee Fi Foe,K-Ci and JoJo,4,Fee Fi Foe,K-Ci & JoJo,2,2,2004-06-22,2004-06-29
804,Fee Fi Foe,K-Ci and JoJo,4,Fee Fi Foe,K-Ci and JoJo,2,2,2004-07-06,2004-07-13
1178,How to Love,Lil' Wayne,4,How to Love,Lil' Wayne,3,3,2011-08-23,2011-09-06
1178,How to Love,Lil' Wayne,4,How to Love,Lil Wayne,1,1,2011-07-26,2011-07-26
1495,Keep It Right There (Remix),Changing Faces feat. Devante Swing,4,Keep It Right There (Remix),Changing Faces feat. Devante Swing,3,3,2006-09-05,2006-09-19
1495,Keep It Right There (Remix),Changing Faces feat. Devante Swing,4,Keep It Right There (Remix),Changing Faces feat. DeVante Swing,1,1,2004-02-24,2004-02-24
2750,The First Noel,*Nsync,4,The First Noel,*NSync,2,2,2005-12-06,2005-12-13
2750,The First Noel,*Nsync,4,The First Noel,*Nsync,2,2,2005-12-20,2005-12-27
2832,There U Go (from Boomerang),Johnny Gill,4,There U Go (from Boomerang),Johnny Gill,3,3,2013-10-08,2013-11-12
2832,There U Go (from Boomerang),Johnny Gill,4,"There U Go - from ""Boomerang""",Johnny Gill,1,1,2025-12-30,2025-12-30
2891,Too Legit to Quit,Hammer,4,Too Legit to Quit,Hammer,3,3,2013-08-06,2013-08-20
2891,Too Legit to Quit,Hammer,4,Too Legit To Quit,Hammer,1,1,2013-08-27,2013-08-27
3095,What's Love Got to Do With It?,Tina Turner,4,What's Love Got to Do With It?,Tina Turner,3,3,2023-06-06,2023-06-20
3095,What's Love Got to Do With It?,Tina Turner,4,What's Love Got to Do With It,Tina Turner,1,1,2023-05-30,2023-05-30
218,Back to Your Place,October London,3,Back to Your Place,October London,2,2,2025-05-06,2025-05-13
218,Back to Your Place,October London,3,Back To Your Place,October London,1,1,2025-04-29,2025-04-29
363,Breathe and Stop,Q-Tip,3,Breathe and Stop,Q-Tip,2,2,2013-04-23,2013-04-30
363,Breathe and Stop,Q-Tip,3,Breathe And Stop,Q-Tip,1,1,2013-05-07,2013-05-07
450,Caribbean Queen (No More Love On The Run),Billy Ocean,3,Caribbean Queen (No More Love On The Run),Billy Ocean,2,2,2026-03-31,2026-04-07
450,Caribbean Queen (No More Love On The Run),Billy Ocean,3,Caribbean Queen (No More Love on the Run),Billy Ocean,1,1,2026-03-24,2026-03-24
686,Don't Fight The Feelin',MC Hammer,3,Don't Fight The Feelin',MC Hammer,2,2,2014-02-25,2014-03-11
686,Don't Fight The Feelin',MC Hammer,3,Don't Fight the Feelin',MC Hammer,1,1,2014-03-04,2014-03-04
778,Everytime Da Beat Drop,Monica feat. Dem Franchize Boyz,3,Everytime Da Beat Drop,Monica feat. Dem Franchize Boyz,2,2,2006-12-19,2006-12-26
778,Everytime Da Beat Drop,Monica feat. Dem Franchize Boyz,3,Everytime da Beat Drop,Monica feat. Dem Franchize Boyz,1,1,2016-08-23,2016-08-23
1353,I'm Not the Only One,Sam Smith,3,I'm Not the Only One,Sam Smith,2,2,2015-03-10,2015-03-24
1353,I'm Not the Only One,Sam Smith,3,I'm Not The Only One,Sam Smith,1,1,2015-03-17,2015-03-17
1389,Incomplete,Sisqò,3,Incomplete,Sisqò,2,2,2008-02-19,2008-02-26
1389,Incomplete,Sisqò,3,Incomplete,Sisqó,1,1,2007-12-11,2007-12-11
2199,Reasons [New Millennium Version],Reel Tight,3,Reasons [New Millennium Version],Reel Tight,2,2,2006-11-07,2006-11-14
2199,Reasons [New Millennium Version],Reel Tight,3,Reasons (New Millennium Version),Reel Tight,1,1,2006-10-31,2006-10-31
2403,Sho Nuff,Tela feat. 8Ball and MJG; Jazze Pha,3,Sho Nuff,Tela feat. 8Ball and MJG; Jazze Pha,2,2,2023-06-27,2023-07-18
2403,Sho Nuff,Tela feat. 8Ball and MJG; Jazze Pha,3,Sho Nuff,Tela feat. 8Ball & MJG; Jazze Pha,1,1,2023-07-11,2023-07-11
2643,Swangin' Glass,Paul Wall feat. Lil' Keke,3,Swangin' Glass,Paul Wall feat. Lil' Keke,2,2,2023-12-19,2023-12-26
2643,Swangin' Glass,Paul Wall feat. Lil' Keke,3,Swangin' Glass,Paul Wall feat. Lil Keke,1,1,2023-12-12,2023-12-12
424,Can You Feel The Love Tonight? (The Lion King),Ernie Sabella; Nathan Lane; Joseph Williams; Sally Dworsky,2,Can You Feel The Love Tonight (The Lion King),Ernie Sabella; Nathan Lane; Joseph Williams; Sally Dworsky,1,1,2014-05-20,2014-05-20
424,Can You Feel The Love Tonight? (The Lion King),Ernie Sabella; Nathan Lane; Joseph Williams; Sally Dworsky,2,Can You Feel The Love Tonight? (The Lion King),Ernie Sabella; Nathan Lane; Joseph Williams; Sally Dworsky,1,1,2014-05-27,2014-05-27
600,Dark Vertigo Battle Arena Toshinden),Yasuhiro Nakano; Makoto Mukai,2,Dark Vertigo (Battle Arena Toshinden),Yasuhiro Nakano; Makoto Mukai,1,1,2017-02-21,2017-02-21
600,Dark Vertigo Battle Arena Toshinden),Yasuhiro Nakano; Makoto Mukai,2,Dark Vertigo Battle Arena Toshinden),Yasuhiro Nakano; Makoto Mukai,1,1,2017-03-07,2017-03-07
1622,Liquor Store in the Sky,BJ The Chicago Kid feat. Freddie Gibbs,2,Liquor Store In The Sky,BJ The Chicago Kid feat. Freddie Gibbs,1,1,2023-06-20,2023-06-20
1622,Liquor Store in the Sky,BJ The Chicago Kid feat. Freddie Gibbs,2,Liquor Store in the Sky,BJ The Chicago Kid feat. Freddie Gibbs,1,1,2023-06-27,2023-06-27
2300,S.E.X.,Lyfe Jennings feat. Lala Brown,2,S.E.X.,Lyfe Jennings feat. LaLa Brown,1,1,2006-07-11,2006-07-11
2300,S.E.X.,Lyfe Jennings feat. Lala Brown,2,S.E.X.,Lyfe Jennings feat. Lala Brown,1,1,2006-10-31,2006-10-31
2391,She's Bangin',Meaku; Banky W,2,She's Bangin',Meaku; Banky W,1,1,2025-05-27,2025-05-27
2391,She's Bangin',Meaku; Banky W,2,She's Bangin',Meaku; Banky W.,1,1,2025-05-20,2025-05-20
2539,Splash Waterfalls (remix),Ludacris feat. Raphael Saadiq,2,Splash Waterfalls (Remix),Ludacris f/Raphael Saadiq,1,1,2004-12-07,2004-12-07
2539,Splash Waterfalls (remix),Ludacris feat. Raphael Saadiq,2,Splash Waterfalls (remix),Ludacris feat. Raphael Saadiq,1,1,2004-12-14,2004-12-14
2614,Successful,Drake feat. Trey Songz; Lil' Wayne,2,Successful,Drake feat. Trey Songz; Lil Wayne,1,1,2009-09-22,2009-09-22
2614,Successful,Drake feat. Trey Songz; Lil' Wayne,2,Successful,Drake feat. Trey Songz; Lil' Wayne,1,1,2009-09-29,2009-09-29
2868,'Til The Morning,Keith Sweat,2,'Til The Morning,Keith Sweat,1,1,2012-06-19,2012-06-19
2868,'Til The Morning,Keith Sweat,2,'Til the Morning,Keith Sweat,1,1,2012-06-12,2012-06-12
